id,name,age
1,Vkrkdu,23
2,Wlnd,18
3,Goefmdh,38
4,Xbqck,34
5,Ienoobp,46
6,Quwspbqq,60
7,Ggqqounl,19
8,Ifpzgx,47
9,Ebyvb,34
10,Xrfrndyl,37
11,Egnkz,31
12,Pxrt,19
13,Kglpmvn,36
14,Ldzqk,55
15,Yfoyoko,55
16,Errtitay,21
17,Ojeb,56
18,Ynmbdz,27
19,Cuivwes,54
20,Syqgvez,27
21,Banvzdc,40
22,Xruzebpz,38
23,Yvambf,57
24,Jwmi,38
25,Jhysgqn,36
26,Izxzmb,42
27,Ggpk,46
28,Eqglqd,54
29,Wrazhrqs,58
30,Afvv,52
31,Owmsybm,56
32,Tlfki,50
33,Atnque,50
34,Pdvwjbyq,38
35,Blroov,31
36,Ssnog,19
37,Enjgfsvw,50
38,Qxrnznbi,58
39,Cfroke,41
40,Ozkod,32
41,Tabg,46
42,Oobkmo,31
43,Djbaugfm,28
44,Xfncnmd,55
45,Rgaz,55
46,Rctdmzu,28
47,Yneg,54
48,Rjsy,46
49,Kpul,30
50,Hhnvtt,38
51,Eevplf,29
52,Ybcsbso,40
53,Abjeq,53
54,Jzwmwu,23
55,Lshbpmtx,26
56,Qrbigbu,31
57,Raoprxiz,29
58,Txxyxpen,36
59,Rubxj,36
60,Auecik,55
61,Hfnavqfw,48
62,Dtdy,24
63,Cpgjanb,24
64,Bpcsiutn,59
65,Egoptsn,46
66,Jfkan,24
67,Uwznlhd,46
68,Pnogvw,51
69,Pepjb,56
70,Bmbjze,44
71,Dgqqgn,26
72,Ijfbfxyu,51
73,Jowsu,33
74,Zimosyjv,43
75,Izpazslz,33
76,Uana,38
77,Wapd,55
78,Xynlngsl,48
79,Kahfb,49
80,Coybv,36
81,Atcerhgp,20
82,Ynxl,27
83,Fync,23
84,Gfyusv,40
85,Hszcntrj,50
86,Ujtgw,39
87,Lrwfle,31
88,Jxftm,19
89,Mkjwqs,51
90,Hlnro,22
91,Urmvtg,33
92,Rmnqzrrf,52
93,Kwkqaqa,21
94,Qjuoert,38
95,Rfudlqia,38
96,Dwexa,26
97,Lpzo,40
98,Kanwwtnv,47
99,Eleazzum,52
100,Lsllolbp,49
